{
  "MainQuestionnaire": {
    "questType": "simple",
    "panes": {
      "GlobalMood": {
        "paneName": "GlobalMood",
        "parameters": {
          "nextPanes": [
            "PositiveOrNegative"
          ],
          "isStart": true
        }
      },
      "PositiveOrNegative": {
        "paneName": "PositiveOrNegative",
        "parameters": {
          "nextPanes": [
            "LabelEmotionPositive",
            "LabelEmotionNegative"
          ]
        }
      },
      "WhoWasWithYou": {
        "paneName": "WhoWasWithYou",
        "parameters": {
          "nextPanes": [],
          "isEnd": true
        }
      }
    }
  },
  "EndOfDay": {
    "questType": "simple",
    "panes": {
      "WellBeing": {
        "paneName": "WellBeing",
        "parameters": {
          "nextPanes": [],
          "isEnd": true
        }
      }
    }
  },
  "Empty": {
    "questType": "simple",
    "panes": {
      "WellBeing": {
        "paneName": "Empty",
        "parameters": {
          "nextPanes": [],
          "isStart": true,
          "isEnd": true
        }
      }
    }
  }
}